company,title,count,title_norm,manual_department
AmeriCredit,Area General Manager,21,area general manager,
Vanguard,Senior Recruiter,23,senior recruiter,
Greystar,Property Accountant,27,property accountant,
JPMorgan Chase & Co.,Mortgage Loan Specialist,12,mortgage loan specialist,
Itaú Unibanco,Gerente de Relacionamento Uniclass,61,gerente de relacionamento uniclass,
Combined Insurance United States,Sales Representative,28,sales representative,
Citigroup,Sales and Trading Analyst,12,sales and trading analyst,
JPMorgan Chase,Customer Service Advisor,41,customer service advisor,
Bremer Bank,Mortgage Banker,21,mortgage banker,
Allstate,Insurance Adjuster,124,insurance adjuster,
HSBC,Financial Consultant,75,financial consultant,
E*TRADE,Financial Services,17,financial services,
UPS,Sales Support Representative,14,sales support representative,
Lloyds Banking Group,Scrum Master,14,scrum master,
Progressive Insurance,Resolution Specialist,65,resolution specialist,
Aetna,SUPERVISOR,15,supervisor,
NYPD,Sergeant,21,sergeant,
Citi,Trade Specialist,28,trade specialist,
Covansys,Senior Consultant,43,senior consultant,
HSBC Private Banking,Vice President,15,vice president,
Cambridge Associates,Investment Director,25,investment director,
E*TRADE,Associate Financial Representative,26,associate financial representative,
Verizon Wireless,Assistant Sales Manager,15,assistant sales manager,
HEB,Bookkeeper,27,bookkeeper,
Target,Presentation Team Member,32,presentation team member,
US Bank,Administrative Assistant,170,administrative assistant,
Regions Financial Corporation,Financial Service Specialist III,16,financial service specialist iii,
Ally,Operations Associate,20,operations associate,
US Bank,District Operations Manager,30,district operations manager,
Great Western Bank,Customer Service Representative,34,customer service representative,
MidAmerica Bank,Bank Teller,12,bank teller,
HSBC,Operation Assistant,36,operation assistant,
North Dakota State University,Resident Assistant,12,resident assistant,
Goldman Sachs,Quantitative strategist,71,quantitative strategist,
Capital One,Operations Coordinator,39,operations coordinator,
"Expedia, Inc.",Software Engineer,16,software engineer,
Realty Austin,Realtor,14,realtor,
Credit Suisse,Product Manager,88,product manager,
Bank of America Merrill Lynch,"Assistant Vice President, Financial Solutions Advisor",59,assistant vice president financial solutions advisor,
Liberty Mutual Insurance,Claims Customer Care Associate,13,claims customer care associate,
First Data Merchant Services,Account Executive,51,account executive,
HomeAdvisor,Online Marketing Consultant,22,online marketing consultant,
TIAA,Associate Director,44,associate director,
Infosys Limited,Senior Systems Engineer,68,senior systems engineer,
Tata Consultancy Services,Assistant System Engineer - Trainee,63,assistant system engineer - trainee,
HSBC,Cari hesaplar yetkilisi,12,cari hesaplar yetkilisi,
CIBC,directrice de centre bancaire,15,directrice de centre bancaire,
Vinson & Elkins,Associate,19,associate,
TCF Bank,Loan Processor,26,loan processor,
State Street,Financial Reporting Supervisor,21,financial reporting supervisor,
WoodmenLife,Sales Representative,12,sales representative,
TA Associates,Growth Equity Investor,16,growth equity investor,
GE Capital,Lead Accountant,20,lead accountant,
Comerica Bank,Business Banker,15,business banker,
State Farm,Sales Agent,207,sales agent,
Mutual of Omaha,Distribution Services Analyst,15,distribution services analyst,
Security Service Federal Credit Union,Member Service Representative,16,member service representative,
Morgan Stanley Fund Services,Vice President,13,vice president,
Northwestern Mutual,Practice Management Consultant,31,practice management consultant,
Waterway Gas & Wash,Line Associate,22,line associate,
Von Maur,Department Manager,51,department manager,
Nationwide Insurance,Non-Injury Liability Claims Adjuster,14,non-injury liability claims adjuster,
Agilent Technologies,Business Process Analyst,13,business process analyst,
Freddie mac,Analyst,20,analyst,
SunTrust Bank,IT Project Manager,14,it project manager,
Enterprise Fleet Management,Account Fleet Coordinator,25,account fleet coordinator,
State Farm ®,Marketing Team Member,16,marketing team member,
Luxoft,Senior Software Developer,89,senior software developer,
HSBC,Premier Client Consultant,33,premier client consultant,
UBS,Authorization Officer,16,authorization officer,
MetLife,Sales Supervisor,23,sales supervisor,
First Tennessee Bank,Financial Analyst,19,financial analyst,
Bank of the West,Area Manager,20,area manager,
Citi,Area Sales Manager,69,area sales manager,
HSBC,Project Management Intern,15,project management intern,
Charles Schwab,Conversion Analyst,21,conversion analyst,
Allstate,Adjuster,146,adjuster,
Insight,Client Director,42,client director,
New York Life Insurance Company,Senior Application Specialist,21,senior application specialist,
JPMorgan Chase & Co.,Lead Teller,262,lead teller,
TCS,Systems Engineer,67,systems engineer,
MetLife,Ejecutiva Comercial,68,ejecutiva comercial,
JPMorgan Chase & Co.,Relationship Manager II,33,relationship manager ii,
Morgan Stanley,Equity Capital Markets Summer Analyst,20,equity capital markets summer analyst,
Jpmorgan chase & co.,Assistant financial center manager,26,assistant financial center manager,
Michael Page,Senior Consultant,48,senior consultant,
Nationwide Building Society,Programme Manager,27,programme manager,
Wells Fargo,Information Security Analyst,374,information security analyst,
Blue Ridge Bank and Trust Co.,Bank Teller,15,bank teller,
CAPITAL ONE BANK,BANKER,58,banker,
Capital One,Executive Response Coordinator,64,executive response coordinator,
Deloitte Canada,Consultant,87,consultant,
Wells Fargo,Loan Documentation Specialist IV,19,loan documentation specialist iv,
KPMG,Assistant Auditor,23,assistant auditor,
Credit Suisse,Summer Technology Analyst,41,summer technology analyst,
GE Capital,FP&A Analyst,71,fp&a analyst,
CIBC,Senior Business Systems Analyst,34,senior business systems analyst,
HSBC,Remediation Analyst,35,remediation analyst,
adidas,Sales Representative,15,sales representative,
Cybage,Sr. Software Engineer,32,sr software engineer,
DHR International,Research Associate Intern,13,research associate intern,
Deloitte,Corporate Finance,18,corporate finance,
The UPS Store,Customer Service Associate,15,customer service associate,
company,architect,13,architect,
Renasant Bank,Senior Mortgage Banker,18,senior mortgage banker,
Toastmasters International,Vice President of Public Relations,13,vice president of public relations,
Sopra Steria Consulting,Consultant,20,consultant,
Wells Fargo,Senior Securities Analyst III,12,senior securities analyst iii,
Greenwich Associates,Customer Experience Representative,33,customer experience representative,
Northwestern Mutual,Summer Analyst,13,summer analyst,
Nomura,M&A Analyst Intern,13,m&a analyst intern,
J.P. Morgan,Student Ambassador,117,student ambassador,
Itaú Unibanco,Analyst,14,analyst,
Merrill Lynch,MD,30,md,
Weichert Realtors,Realtor,69,realtor,
AmSouth Bank,Vice President,78,vice president,
SNL Financial,Financial Analyst,13,financial analyst,
Fidelity Investments,IT Consultant,22,it consultant,
TD,Assistant Manager,446,assistant manager,
Farmers Insurance,Insurance Adjuster,87,insurance adjuster,
Infosys Technologies Limited,Systems Engineer,21,systems engineer,
Axos Bank,Credit Analyst,12,credit analyst,
Suffolk County National Bank,Vice President,19,vice president,
Pace University,Adjunct Professor,28,adjunct professor,
Mars,KAM,31,kam,
Southwest Airlines,Ground Operations,13,ground operations,
Deloitte,Senior Tax Accountant,22,senior tax accountant,
Wells Fargo,Business Analyst,863,business analyst,
Trading Technologies,Account Manager,12,account manager,
West Monroe Partners,Consultant,25,consultant,
Best Buy,Samsung Experience Expert,17,samsung experience expert,
Morgan Stanley,M&A Associate,26,m&a associate,
IBM,Customer Care Specialist,13,customer care specialist,
BNY Mellon,"Senior Analyst, Client Service",18,senior analyst client service,
Nielsen,Summer Intern,18,summer intern,
Legg Mason,Analyst,16,analyst,
CIBC World Markets,Vice President,16,vice president,
Goldman Sachs,Risk Summer Analyst,18,risk summer analyst,
HSBC Bank Canada,Premium Banker,26,premium banker,
HSBC,Procurement Specialist,18,procurement specialist,
U.S. Bank,Senior Banker,440,senior banker,
Barclays Bank,Area Performance Manager,14,area performance manager,
Wells Fargo,Sales Team Lead,29,sales team lead,
Uber,Operations & Logistics Manager,35,operations & logistics manager,
Victoria's Secret,TAP Supervisor,25,tap supervisor,
BNP Paribas,Customer Service Officer,29,customer service officer,
Fifth Third Bank,Personal Banker 1,34,personal banker 1,
MetLife,Certified Financial Planner,21,certified financial planner,
U.S. Bank,CDO Analyst,51,cdo analyst,
PwC Consulting,Consultant,106,consultant,
Federal Reserve Bank of San Francisco,Bank Examiner,18,bank examiner,
Stock Yards Bank & Trust,Customer Service Representative,15,customer service representative,
Credit Suisse,Investment Banking Summer Intern,27,investment banking summer intern,
Credit Suisse,Relationship Manager,857,relationship manager,
Yelp,Account Manager,37,account manager,
ANZ,Risk Analyst,14,risk analyst,
Liberty Mutual,Case Manager,27,case manager,
Huntington National Bank,IT Support Specialist,23,it support specialist,
Northern Trust Corporation,Senior Business Analyst,56,senior business analyst,
J.P. Morgan,Marketing Manager,20,marketing manager,
ConnectOne Bank,Intern,12,intern,
PNC,Fund Accountant,29,fund accountant,
Citi,Compensation Analyst,46,compensation analyst,
Heights Finance Corporation,Branch Manager,15,branch manager,
Citadel LLC,Software Engineer,18,software engineer,
Nationwide Insurance,Regional Internal Consultant,21,regional internal consultant,
UBS,Tech lead,28,tech lead,
State Farm ®,Information Security Analyst,44,information security analyst,
Illinois Business Consulting,Consultant,179,consultant,
Mary Kay,Beauty Consultant,15,beauty consultant,
Management Leadership for Tomorrow,MLT Career Prep Fellow,19,mlt career prep fellow,
United Community Bank,Customer Service,13,customer service,
State street,"Fund accountant, associate ii",29,fund accountant associate ii,
EPFL,Teaching Assistant,13,teaching assistant,
Zions Bank,Loan Processor,13,loan processor,
"Allstate Financial Services, LLC",Financial Representative,19,financial representative,
Barclays,Infrastructure Designer,13,infrastructure designer,
"Community Banks of Colorado, a Division of NBH Bank, N.A.",Banking Center Manager,15,banking center manager,
Bank of the West,Business Banking Relationship Manager,13,business banking relationship manager,
Capital One,Software Engineer Associate,24,software engineer associate,
State Street,Senior Client Service Representative,27,senior client service representative,
Mars,Vertegenwoordiger,19,vertegenwoordiger,
City Bank,Sales Executive,16,sales executive,
Franklin Templeton Investments,NAV Analyst,14,nav analyst,
Citicorp,Assistant Manager,27,assistant manager,
Superior Court of New Jersey,Judicial Intern,16,judicial intern,
Citigroup,IT Analyst,30,it analyst,
Preferred Bank,Vice President,14,vice president,
Totality Careers,Interim Professional,30,interim professional,
University of Phoenix,Senior Enrollment Counselor,13,senior enrollment counselor,
Travelers,Communications Manager,15,communications manager,
J.P. Morgan,senior banker,17,senior banker,
Huntington Financial Advisors,Financial Advisor,27,financial advisor,
University of Wisconsin-Madison,Graduate Student,12,graduate student,
TD,Operations Officer,281,operations officer,
Centex Home Equity,Branch Manager,13,branch manager,
New York Life Insurance Company,Financial Advisor,862,financial advisor,
University of Houston,Graduate Research Assistant,12,graduate research assistant,
JPMorgan Chase,Loss Mitigation Supervisor,43,loss mitigation supervisor,
Citi,Bankruptcy Specialist III,34,bankruptcy specialist iii,
Kale Consultants,Programmer Analyst,23,programmer analyst,
F.N.B. Corporation,Personal Banker,22,personal banker,
Hexaware Technologies,Associate Software Engineer,15,associate software engineer,
Charles Schwab,Financial Professional,30,financial professional,
American Express,Infrastructure Engineer,54,infrastructure engineer,
TEKsystems,Customer Support Associate,36,customer support associate,
TD,iOS Developer,18,ios developer,
Federal Reserve Bank of Minneapolis,Examiner,18,examiner,
Capital One,CSST,14,csst,
AFLAC,Employee Benefit Consultant,14,employee benefit consultant,
McDonald's Corporation,Crew Chief,18,crew chief,
Starbucks,District Manager,41,district manager,
Deloitte,Senior Audit Manager,27,senior audit manager,
Sammons Retirement Solutions,Internal Wholesaler,12,internal wholesaler,
Cancer Research UK,Volunteer,29,volunteer,
Concord Wealth Management,Financial Advisor,16,financial advisor,
Discover Financial Services,Sr. Underwriter,18,sr underwriter,
Ernst & Young,IT Auditor,28,it auditor,
PaineWebber,Corporate Vice President,12,corporate vice president,
KPMG,Analyst,157,analyst,
Infosys,Tech Analyst,13,tech analyst,
CNA Insurance,Actuarial Intern,16,actuarial intern,
State Street,Financial Reporting Team Leader,16,financial reporting team leader,
Citigroup,Executive Administrative Assistant,23,executive administrative assistant,
CMC Ltd,Intern,14,intern,
BNY Mellon,Customer Service Representative,157,customer service representative,
Credit Suisse,Private Banking Assistant,32,private banking assistant,
The Blackstone Group,Financial Analyst,29,financial analyst,
American Express,Business Travel Account Analyst,13,business travel account analyst,
BMO Capital Markets,"Vice President, Corporate Banking",16,vice president corporate banking,
Liberty University,Adjunct Professor,12,adjunct professor,
Sam's Club,Supervisor,27,supervisor,
Barclays Investment Bank,Credit Research Summer Analyst,12,credit research summer analyst,
J.P. Morgan,Mutual Fund Analyst,13,mutual fund analyst,
Industrial Bank of Korea,Banker,16,banker,
U.S. Bank,Administrative Assistant,409,administrative assistant,
J.P. Morgan,Software Engineering Intern,46,software engineering intern,
Bank of America,work experience,22,work experience,
Mars,Marketing,48,marketing,
IBM Global Services,System Engineer,35,system engineer,
TD,Technical Analyst,16,technical analyst,
"Ameriprise Financial Services, Inc.",Customer Service Professional,47,customer service professional,
company,management,22,management,
Capital One,Tech Lead,52,tech lead,
Cerner Corporation,Consulting Analyst,34,consulting analyst,
Wells Fargo,"VP, Relationship Manager",20,vp relationship manager,
Bank of the West,Regional Manager,17,regional manager,
State Street Bank,Financial Analyst,40,financial analyst,
Capital One,Account Coordinator,14,account coordinator,
Frandsen Bank & Trust,Personal Banker,18,personal banker,
United States Air Force,Colonel,12,colonel,
EY,Audit Intern,299,audit intern,
TD Canada Trust,Financial Service Representative,54,financial service representative,
Chase,Vice President / Branch Manager,22,vice president / branch manager,
J.P. Morgan,ED,28,ed,
State Farm,CRC,17,crc,
Travelers,General Liability Unit Manager,19,general liability unit manager,
,Sabbatical,79,sabbatical,
US Bank,Customer Service,79,customer service,
Target,Guest Service,26,guest service,
Lloyds Banking Group,AML Analyst,24,aml analyst,
BNY Mellon,TA Administrator,23,ta administrator,
Amica Mutual Insurance,Claims Adjuster,31,claims adjuster,
RBC,"Financial Planner, Investment and Retirement Planner",16,financial planner investment and retirement planner,
USAA,Data Scientist,42,data scientist,
Nevada State Bank,Branch Customer Service Manager,17,branch customer service manager,
Holiday Companies,Assistant Manager,17,assistant manager,
KeyPoint Government Solutions,Background Investigator,19,background investigator,
Bank Of America Merrill Lynch,Credit Risk Analyst,28,credit risk analyst,
Wells Fargo Advisors,"Vice President, Financial Advisor",15,vice president financial advisor,
JPMorgan Chase,Client Service Officer,26,client service officer,
London Business School,MBA,24,mba,
Barclays,First cashier,21,first cashier,
American Express,Agile Program Manager,17,agile program manager,
JP Morgan Chase,technical analyst,13,technical analyst,
Prosperity Mortgage,Home Mortgage Consultant,13,home mortgage consultant,
Sungard Consulting Services,Lead Senior Consultant,13,lead senior consultant,
BNY Mellon,System Engineer,18,system engineer,
Republic Bank Limited,Clerical Officer,25,clerical officer,
Alliance Bank,Senior executive,34,senior executive,
Citigroup,HR Manager,22,hr manager,
HSBC,Corporate Associate,15,corporate associate,
US Army,LTC,13,ltc,
Abercrombie & Fitch,Assistant Store Manager,76,assistant store manager,
House of Fraser,Sales Advisor,50,sales advisor,
People's United Bank,Customer Service Representative,85,customer service representative,
LPL Financial,Senior Compliance Analyst,20,senior compliance analyst,
d-fine GmbH,Senior Consultant,14,senior consultant,
Edward Jones Investment Co,Branch Office Administrator,12,branch office administrator,
Frost Bank,Personal Banker I,13,personal banker i,
J.P. Morgan,Quantitative Researcher,40,quantitative researcher,
Northwestern Mutual,Financial Services Intern,152,financial services intern,
GE Capital,Project Leader,48,project leader,
Luxoft,Senior Oracle Developer,16,senior oracle developer,
Charles Schwab,Summer Intern,25,summer intern,
JPMorgan Chase,Test Lead,19,test lead,
Capital One,Assistant Sales Manager,13,assistant sales manager,
Great-West Financial,Retirement Representative,13,retirement representative,
Paine Webber,Managing Director,17,managing director,
S&P Global Market Intelligence,Associate,17,associate,
RBC Bank,Manager,16,manager,
Bank of America,Loan Originator,66,loan originator,
TD,IT Audit Manager,17,it audit manager,
company,self,14,self,
Sears Holdings Corporation,Software Engineer,14,software engineer,
Bank of America,Regional Chief Appraiser,23,regional chief appraiser,
HSBC,Legal Counsel (Secondee),30,legal counsel secondee,
Farmers Insurance,Underwriting Specialist,15,underwriting specialist,
Canada Revenue Agency,Taxpayer Services Agent,29,taxpayer services agent,
Columbia Bank,Credit Analyst,38,credit analyst,
Vanderbilt University,Undergraduate Teaching Assistant,16,undergraduate teaching assistant,
Northern Trust Corporation,Hedge Fund Analyst,28,hedge fund analyst,
JP Morgan Chase,Various,12,various,
Mars,Project Engineer,185,project engineer,
Verizon Wireless,Technical Support Coordinator,85,technical support coordinator,
Travelers,Forensic Specialist,14,forensic specialist,
State Street Bank,Client Service Manager,45,client service manager,
Barclays Investment Bank,HR Business Partner,28,hr business partner,
Wells Fargo Home Mortgage,Customer Service,80,customer service,
Bank of America,Sr Loan Processor,39,sr loan processor,
TD Bank Group,Senior Project Manager,14,senior project manager,
Coldwell Banker Residential Brokerage,Real Estate Consultant,15,real estate consultant,
BBVA Compass,Business Development Officer,42,business development officer,
Cahill Gordon & Reindel LLP,Summer Associate,14,summer associate,
Mars,Senior Brand Manager,95,senior brand manager,
BNY Mellon,Application Developer Intern,15,application developer intern,
Simon-Kucher & Partners,Associate Consultant,117,associate consultant,
Mars,TECHNICIAN,25,technician,
Mizuho Securities USA Inc.,Managing Director,18,managing director,
DICK'S Sporting Goods,Operations Associate,17,operations associate,
CIBC,Financial Service Associate,382,financial service associate,
Wells Fargo,Economist,12,economist,
Tata Consultancy Services,Senior Consultant,80,senior consultant,
Andreessen Horowitz,Executive Assistant,15,executive assistant,
Lettuce Entertain You Restaurants,Server,15,server,
Ford Motor Credit Company,Dealer Credit Analyst,37,dealer credit analyst,
Northeastern University,Administrative Assistant,16,administrative assistant,
"Sears, Roebuck and Co.",Retail Sales Associate,15,retail sales associate,
Intuit,Account Executive,13,account executive,
UMB Bank,Customer Service Specialist,17,customer service specialist,
Travelers,Senior Paralegal,25,senior paralegal,
Suntrust bank,Fraud analyst,16,fraud analyst,
Freelance Web Developer,Web Developer,27,web developer,
PrimeLending,Branch Manager,54,branch manager,
Comerica Bank,Teller,89,teller,
Deloitte Canada,Senior Accountant,71,senior accountant,
Crédit Mutuel,Chargé de clientèle,30,charg de client le,
UBS,Equity Sales,51,equity sales,
Gold Star Mortgage Financial Group,Branch Manager,15,branch manager,
Peoples Bank,Teller,66,teller,
CIBC,Specialist,16,specialist,
JP Morgan Chase,Assistant Vice President,221,assistant vice president,
SunTrust,Executive Vice President,13,executive vice president,
Standard Chartered Bank,Product Manager,53,product manager,
Cognizant,Senior Associate-Projects,12,senior associate-projects,
State Farm Insurance,Claims Specialist,71,claims specialist,
Nationwide Insurance,Claims Director,29,claims director,
BNP Paribas,Technicien Support,14,technicien support,
Maltem Consulting Group,Senior Consultant,13,senior consultant,
Microsoft,Analyst,18,analyst,
Wells Fargo Bank,Project Manager,342,project manager,
NBT Bank,Branch Manager,86,branch manager,
Allstate,Technical Support Analyst,39,technical support analyst,
UPMC,Recruiter,13,recruiter,
Walt Disney World,Disney College Program,61,disney college program,
Deloitte Consulting,Engagement Manager,16,engagement manager,
IBM,Mainframe Operator,18,mainframe operator,
Volt Technical Resources,Technical Recruiter,24,technical recruiter,
Capital one,Sr QA Analyst,12,sr qa analyst,
BNP Paribas,Employe,34,employe,
Accenture,Data Engineer,13,data engineer,
Deloitte,Audit Senior Assistant,276,audit senior assistant,
GEICO,Telephone Claims Representative,14,telephone claims representative,
Bank of America Merrill Lynch,Quantitative Analyst,63,quantitative analyst,
HSBC,Systems Engineer,42,systems engineer,
Trans World Entertainment,Assistant Manager,13,assistant manager,
Champs Sports,Sales Representative,13,sales representative,
First Federal,Personal Banker,16,personal banker,
5LINX Enterprises Inc.,Executive Trainer,14,executive trainer,
Accredited Home Lenders,Corporate Underwriter,13,corporate underwriter,
CIBC,Asset Specialist,19,asset specialist,
Bank of America,Vice President and Manager,24,vice president and manager,
LCL,Conseiller clientèle particuliers,54,conseiller client le particuliers,
Rabobank,assurantie adviseur,23,assurantie adviseur,
TD,Enterprise Architect,13,enterprise architect,
Northeastern University,Student,42,student,
Citigroup,Investment Banking,41,investment banking,
City National Bank,Assistant Vice President,119,assistant vice president,
J.P. Morgan,Investment Banking Spring Intern,17,investment banking spring intern,
Morgan Stanley,Executive Director Human Resources,14,executive director human resources,
Jump Trading LLC,Quantitative Researcher,13,quantitative researcher,
HSBC,Junior Software Engineer,16,junior software engineer,
Bank of America,Senior Programmer/Analyst,20,senior programmer/analyst,
Thomson Reuters,Intern,85,intern,
People's United Bank,Call Center Representative,14,call center representative,
Merrill Lynch,Assistant Vice President,854,assistant vice president,
EY,Winter Intern,19,winter intern,
Charles River Associates,Analyst,44,analyst,
JPMorgan Chase & Co.,Licensed Banker,147,licensed banker,
Greater Bay Bank,Vice President,15,vice president,
Wells Fargo,Quantitative Analytics Intern,12,quantitative analytics intern,
Wells Fargo,Broker Associate,18,broker associate,
Mars,Territory sales expert,24,territory sales expert,
Cognizant Technology Solutions,Director,22,director,
Goldman Sachs,equity trading,12,equity trading,
Northwestern Mutual,Managing Director & Financial Advisor,12,managing director & financial advisor,
AIG,Financial Analyst Intern,30,financial analyst intern,
U.S. Trust,"Vice President, Private Client Associate",16,vice president private client associate,
Transportation Security Administration (TSA),Transportation Security Officer,115,transportation security officer,
E*TRADE,Senior Manager,44,senior manager,
Progressive Insurance,Claims Attorney,14,claims attorney,
BNP Paribas,Conseiller clientèle de Particuliers,34,conseiller client le de particuliers,
Odeabank,ASSISTANT MANAGER,22,assistant manager,
Capital One,"Sr Manager, Software Engineering",13,sr manager software engineering,
PNC,Financial Specialist,516,financial specialist,
Capital Group,Shareholder Services Representative,14,shareholder services representative,
ATB Financial,Branch Manager,78,branch manager,
Trustco Bank,Assistant Branch Manager,144,assistant branch manager,
HSBC,Customer Service and Sales Representative,103,customer service and sales representative,
Rabobank,ICT Specialist,22,ict specialist,
BNP Paribas,Relationship Manager Corporate Banking,23,relationship manager corporate banking,
State Farm,Legal Assistant,30,legal assistant,
US Bank,Implementation Project Manager,13,implementation project manager,
Ford Motor Company,Consultant,31,consultant,
Kaye Scholer LLP,Associate,29,associate,
Convergys,Customer Care Executive,23,customer care executive,
USAA,Wealth Specialist,16,wealth specialist,
Well Fargo Bank,Bank Teller,21,bank teller,
Bank of China,Relationship Manager Corporate Banking,22,relationship manager corporate banking,
Foundation Capital,Executive Assistant,16,executive assistant,
TD,Analyst Commercial Banking,33,analyst commercial banking,
TD,Financial Services Representative II,98,financial services representative ii,
Comerica Bank,Customer service rep,25,customer service rep,
Societe Generale Corporate and Investment Banking - SGCIB,Front Office Developer,17,front office developer,
Oracle,System Administrator,18,system administrator,
BofI Federal Bank,Portfolio Analyst,17,portfolio analyst,
Bank of America,Sr Systems Analyst,21,sr systems analyst,
Union National Bank,Senior Relationship Officer,19,senior relationship officer,
JPMorgan Chase & Co.,Control Analyst,25,control analyst,
Bank of Tokyo-Mitsubishi UFJ,Banking Officer,14,banking officer,
Morgan Stanley,Service Delivery Manager,21,service delivery manager,
Cognizant,Systems Analyst,12,systems analyst,
American Express,Sr. Disputes Analyst,19,sr disputes analyst,
Travelers,Underwriting Professional Development Program,97,underwriting professional development program,
Bank of America,Sr. Quality Analyst,17,sr quality analyst,
UPS,Shift Supervisor,14,shift supervisor,
company,Executive,20,executive,
J.P. Morgan,Implementation Project Manager,19,implementation project manager,
Henkel,Finance Intern,16,finance intern,
JPMorgan Chase & Co.,Technology Analyst Intern,380,technology analyst intern,
State Street,Technical Project Manager,13,technical project manager,
Cognizant Technology Solutions,Programer Analyst,24,programer analyst,
Reed Smith LLP,Attorney,17,attorney,
Bank of America,Account Representative,43,account representative,
Vanguard,Financial Processing Associate,45,financial processing associate,
Farmers Insurance,Sales Manager,107,sales manager,
PlainsCapital Bank,Bank Officer,14,bank officer,
JPMorgan Chase,Teller Supervisor,21,teller supervisor,
Discover Card,Account Manager,24,account manager,
UPS,Supervisor,317,supervisor,
Bank of india,Special Assistant,22,special assistant,
Ann Taylor LOFT,Sales Associate,73,sales associate,
Farmers Insurance,Casualty Adjuster,12,casualty adjuster,
Vanguard,Developer,237,developer,
Northwestern Mutual,Investment Analyst Intern,25,investment analyst intern,
SunTrust Mortgage,Sales Manager,38,sales manager,
BNY Mellon,Sr Analyst,19,sr analyst,
UBS,Fund Manager,21,fund manager,
Pacific Western Bank,Relationship Manager,19,relationship manager,
Esprit,Sales Associate,18,sales associate,
Apple,Business Pro,16,business pro,
SunTrust,Senior Auditor,15,senior auditor,
Citi,Project Management Officer,15,project management officer,
Comerica Bank,Senior Lending Assistant,18,senior lending assistant,
BB&T,Administrative Assistant III,41,administrative assistant iii,
Independent Bank,Teller,133,teller,
HSBC,Lead Consultant Specialist,33,lead consultant specialist,
UMB Bank,Teller II,12,teller ii,
PNC,Data Expert,15,data expert,
Rabobank,Medewerker bedrijfsvoering,20,medewerker bedrijfsvoering,
"International Fund Services (NA) LLC, A State Street Company",Senior Fund Accountant,13,senior fund accountant,
American Home Mortgage,Branch Manager,49,branch manager,
Standard Chartered Bank,Treasury Specialist,17,treasury specialist,
Citi,Senior Sales Manager,35,senior sales manager,
Cisco Systems,Systems Engineer,75,systems engineer,
Union Bank,Vice President,290,vice president,
Bank of America Home Loans,Loan Processor,14,loan processor,
United States Army Reserve,Combat Engineer,16,combat engineer,
USAA,auto injury claims adjuster,14,auto injury claims adjuster,
Wells Fargo Bank,Sr. Business Relationship Manager,33,sr business relationship manager,
US BANK,SENIOR CREDIT ANALYST,16,senior credit analyst,
Mastercard advisors,Associate consultant,12,associate consultant,
Capital One,Senior Financial Analyst,171,senior financial analyst,
RGIS,Inventory Auditor,55,inventory auditor,
Deutsche Bank,Developer,121,developer,
Goldman Sachs,Operational Specialist,18,operational specialist,
Peoples Bank,Customer Service Representative,96,customer service representative,
ReachLocal,Internet Marketing Consultant,30,internet marketing consultant,
IBC Bank,Universal Teller,32,universal teller,
Mutual of Omaha,Programmer,37,programmer,
Convergys,Customer Service Supervisor,12,customer service supervisor,
Quest Diagnostics,Senior Financial Analyst,28,senior financial analyst,
UBS,Programmer Analyst,28,programmer analyst,
Goldman Sachs,Senior Analyst,2572,senior analyst,
Wendys Old Fashion Hambugers,Cashier,12,cashier,
Army National Guard,Team Leader,20,team leader,
Berwin Leighton Paisner,Trainee Solicitor,48,trainee solicitor,
UCO Bank,Assistant Manager,15,assistant manager,
SouthTrust Bank,Assistant Vice President,21,assistant vice president,
HSBC,Team Lead,237,team lead,
Mutual of Omaha,Business Systems Analyst,90,business systems analyst,
JP Morgan Chase,Loss Mitigation,15,loss mitigation,
New American Funding,Loan Officer Assistant,31,loan officer assistant,
hhgregg,General Manager,28,general manager,
TCF Bank,Consumer Lender,37,consumer lender,
USAA,Investment Services Representative,34,investment services representative,
BNP Paribas,Business Service Manager,12,business service manager,
"New York Community Bancorp, Inc. (NYCB)",Branch Operations Supervisor,14,branch operations supervisor,
Zions Bank,Senior Vice President,50,senior vice president,
Progressive Insurance,Senior Programmer Analyst,19,senior programmer analyst,
Independent Contractor,Contractor,21,contractor,
Bank of America,Team Coach,20,team coach,
Aflac,Coordinator in Training,251,coordinator in training,
American Express,Account Executive,295,account executive,
Great Western Bank,Mortgage Loan Processor,13,mortgage loan processor,
BNP Paribas,Chargé de relations bancaires,12,charg de relations bancaires,
FNB South Africa,Business Analyst,21,business analyst,
Capital One Bank,Operations Manager,17,operations manager,
CIBC,Application Developer Co-op,18,application developer co-op,
Fortress Investment Group,Senior Accountant,37,senior accountant,
Western Asset Management,Portfolio Analyst,17,portfolio analyst,
Wells Fargo,Architect,28,architect,
ADP,Outside Sales Representative,13,outside sales representative,
Digital Federal Credit Union,Teller,15,teller,
American Express,Computer Operator,12,computer operator,
Skyhawks Sports Academy,Camp Director,14,camp director,
Lehman Brothers Holdings Inc.,Senior Vice President,19,senior vice president,
TD,Planificateur financier,14,planificateur financier,
Fifth Third Bank,Mortgage Processor,75,mortgage processor,
The Boston Consulting Group (BCG),Associate,308,associate,
HSBC,Attaché commercial,130,attach commercial,
ABM Industries,Staff Accountant,13,staff accountant,
Vanguard,Portfolio Manager,20,portfolio manager,
Bank of America,Investment Banking Summer Analyst,43,investment banking summer analyst,
Cisco,Data Scientist,13,data scientist,
Huntington National Bank,Relationship Banker II,82,relationship banker ii,
JPMorgan Chase & Co.,"Vice President, Relationship Manager",22,vice president relationship manager,
HSBC,Becario,12,becario,
Internal Revenue Service,Tax Examining Technician,30,tax examining technician,
First National Bank,Supervisor,20,supervisor,
Waterstone Mortgage Corporation,Loan Partner II,17,loan partner ii,
BNY Mellon,Data Entry Operator,22,data entry operator,
JLL,Senior Vice President,25,senior vice president,
Scotiabank,Customer Service Officer,71,customer service officer,
PIMCO,Senior Software Engineer,15,senior software engineer,
AT&T Mobility,Business Account Manager,13,business account manager,
Bank of America,Retired Banker,44,retired banker,
Texas Capital Bank,Vice President,43,vice president,
On Sabbatical,Sabbatical,17,sabbatical,
IndusInd Bank,Credit Manager,12,credit manager,
iGATE Global Solutions,System Analyst,12,system analyst,
PNC,Banking Representative,17,banking representative,
Northern Illinois University,Research Assistant,28,research assistant,
BNY Mellon,Operations Manager,152,operations manager,
First Community Bank,Loan Processor,15,loan processor,
MetLife,Lead Software Development Engineer,23,lead software development engineer,
M&T Bank,Senior Teller,113,senior teller,
YouTube,Product Manager,12,product manager,
MetLife,Finance Specialist,40,finance specialist,
Aon,Analyst,45,analyst,
State Farm ®,Technology Manager,115,technology manager,
HSBC,Engineering Lead,13,engineering lead,
First Merchants Corporation,Assistant Branch Manager,13,assistant branch manager,
Sterling Bank,Personal Banker,13,personal banker,
Bain & Company,PTA,40,pta,
ABANCA,Gestor comercial,33,gestor comercial,
Comerica Bank,Senior Trust Analyst,16,senior trust analyst,
jcpenney,cashier,42,cashier,
CITI BANK,Sales Officer,24,sales officer,
AXA US,Lead Manager,12,lead manager,
CVS Pharmacy,clerk/cashier,13,clerk/cashier,
RBS Invoice Finance,Relationship Manager,14,relationship manager,
Whataburger,Team Member,43,team member,
Monash University,Teaching Associate,28,teaching associate,
HSBC,Telefonista,17,telefonista,
TD,Représentant service clientèle,55,repr sentant service client le,
Interbank,Analista de Procesos,30,analista de procesos,
"Sykes Enterprises, Inc.",Customer Service Representative,65,customer service representative,
Aon Hewitt,Benefits Administrator,28,benefits administrator,
Northern Illinois University,Student,30,student,
Liberty Mutual,Senior Software Developer,32,senior software developer,
Cognizant Technology Solutions,Analyst,90,analyst,
Varova Investments,Junior Consultant,15,junior consultant,
Huntington National Bank,Lead Teller,13,lead teller,
GE Capital International Services,Business Analyst,19,business analyst,
Nationwide,Member Care Representative II,12,member care representative ii,
IBM Daksh,Customer Care Executive,21,customer care executive,
PNC,Financial Specialist Team Manager,24,financial specialist team manager,
AIG,Call Center Representative,15,call center representative,
Target,Starbucks Team Lead,17,starbucks team lead,
Caixa Catalunya,Comercial,25,comercial,
HSBC,Senior Customer Care Officer,13,senior customer care officer,
Fidelity Investments,Fund Accountant,34,fund accountant,
Julius Baer,Associate Director,124,associate director,
Barclays,Marketing,15,marketing,
MetLife,Implementation Leader,53,implementation leader,
AT&T,Leveraged Service Representative,14,leveraged service representative,
bank of stockton,vice president,13,vice president,
BNY Mellon,Alternative Investment Accountant,16,alternative investment accountant,
BBVA,direccion,12,direccion,
World Savings,Loan Closing Specialist,16,loan closing specialist,
FinMechanics,Consultant,12,consultant,
American Express,Financial analyst,1458,financial analyst,
The First National Bank of Long Island,Assistant Manager,15,assistant manager,
HSBC,Assistant Officer,25,assistant officer,
American Express,Recruiting Coordinator,16,recruiting coordinator,
MetLife,Senior Client Services Consultant,22,senior client services consultant,
Attorney,Attorney,33,attorney,
L&T Infotech,Software Test Engineer,12,software test engineer,
Time Warner Cable,Customer Service,29,customer service,
hibu,Media Consultant,19,media consultant,
Travelers,Analytics Intern,17,analytics intern,
Chase,Sr teller,26,sr teller,
Merrill Edge,Financial Advisor,145,financial advisor,
WR Starkey Mortgage,Sr. Loan Officer,13,sr loan officer,
Aztec Group,Client Relationship Manager,16,client relationship manager,
First National Bank,Business development officer,17,business development officer,
U.S. Bank,Relationship Manager,353,relationship manager,
Market Resource Partners,Account Executive,32,account executive,
Morgan Stanley,Senior Executive Assistant,32,senior executive assistant,
Citigroup,Manager,356,manager,
AIG,executive,27,executive,
Mars,Operations Technician,18,operations technician,
Mitsubishi UFJ Securities,Director,13,director,
JPMorgan Chase & Co.,Infrastructure Project Manager,25,infrastructure project manager,
Royal Bank of Scotland,Spring Intern,77,spring intern,
Crowe Horwath LLP,Audit Intern,36,audit intern,
BMO Capital Markets,Research Associate,26,research associate,
Rabobank,Bankadviseur,19,bankadviseur,
BMO Harris Bank,Senior Service Representative,276,senior service representative,
Fred Meyer,Cashier,35,cashier,
CIBC,Operational Strategy Specialist,15,operational strategy specialist,
National Cooperative Bank,Vice President,16,vice president,
HSBC,Business Implementation Manager,40,business implementation manager,
Holland & Knight LLP,Partner,22,partner,
United States Air Force,Operations Manager,35,operations manager,
CIBC,Systems Developer,31,systems developer,
United States Air Force,Master Sergeant,23,master sergeant,
Synovus,Customer Care Specialist,24,customer care specialist,
GF Inbursa,Asesor Financiero,33,asesor financiero,
EDS,Software Developer,13,software developer,
RE/MAX,Realtor,197,realtor,
The Vanguard Group,Client Relationship Associate,38,client relationship associate,
Groupe Crédit du Nord,Conseiller de clientèle privée,31,conseiller de client le priv e,
KeyBank,Senior Business Analyst,36,senior business analyst,
Gate City Bank,Mortgage Loan Officer,25,mortgage loan officer,
Rothschild,Summer Analyst,32,summer analyst,
Barclays,Process Advisor,682,process advisor,
Wells fargo,Cts account manager,12,cts account manager,
SunTrust,Senior Mortgage Underwriter,14,senior mortgage underwriter,
Barclays,Business Development,12,business development,
Cisco Systems,Summer Intern,12,summer intern,
Alexander Mann Solutions,Intern,14,intern,
Sterling Savings Bank,Assistant Branch Manager,14,assistant branch manager,
Oakland University,Student,16,student,
BNY Mellon,Senior Associate,312,senior associate,
Lafayette Ambassador Bank,Senior Teller,15,senior teller,
Lincoln Heritage Life Insurance Company®,Insurance Agent,16,insurance agent,
Geek Squad,Customer Service agent,17,customer service agent,
J.P. Morgan,Fraud Analyst,42,fraud analyst,
IndusInd Bank,Acquisition Manager,76,acquisition manager,
U.S. Army Reserve,Intelligence Analyst,14,intelligence analyst,
State Street,Java Developer,35,java developer,
SunTrust,Client Service Specialist II,13,client service specialist ii,
Vanguard,Corporate Accountant,17,corporate accountant,
PwC Australia,Senior Accountant,17,senior accountant,
Commerce Bank,Utility Teller,21,utility teller,
Gold's Gym,Group Fitness Instructor,35,group fitness instructor,
State Street,Asst. Vice President,22,asst vice president,
Bank of America,Post Closer,32,post closer,
American Express,Customer Service Manager,94,customer service manager,
TUDOR INVESTMENT CORPORATION,Portfolio Manager,36,portfolio manager,
Verizon Wireless,Retail Sales Associate,26,retail sales associate,
Peoples Bank,Marketing Intern,14,marketing intern,
EY,Senior Tax Advisor,13,senior tax advisor,
Merrill Lynch,"Vice President, Wealth Management Advisor",21,vice president wealth management advisor,
U.S. Bank,Project Coordinator,15,project coordinator,
Oppenheimer & Co.,Executive Director,20,executive director,
CIBC,Project Leader,23,project leader,
Cognizant Technology Solutions,Consultant-CRM,15,consultant-crm,
Spirit Halloween,Store Manager,31,store manager,
JPMorgan Chase & Co.,Quality Specialist,48,quality specialist,
JPMorgan Chase & Co.,Senior Account Executive,17,senior account executive,
United States Air Force,Aircraft Armament Systems Specialist,18,aircraft armament systems specialist,
BBVA,Cajero,324,cajero,
Utah Valley University,Student,13,student,
Deutsche Bank,Technology Associate,17,technology associate,
Capital One,"Senior Manager, Process Management",18,senior manager process management,
Morgan Stanley,"First Vice President, Investments",12,first vice president investments,
AT&T,Finance Intern,13,finance intern,
Chubb,Underwriting associate,130,underwriting associate,
Whole Foods Market,Customer Service,46,customer service,
Prime Communications,Retail Store Manager,21,retail store manager,
Stock Holding Corporation of India Limited,Executive,25,executive,
International Paper,Business Analyst,13,business analyst,
Sallie Mae,Customer Service rep,29,customer service rep,
Allstate,Customer Relationship Specialist,42,customer relationship specialist,
Citi,Senior Treasury Analyst,17,senior treasury analyst,
Independent Contractor,Marketing Consultant,25,marketing consultant,
University of Virginia,Teaching Assistant,76,teaching assistant,
NTPC,Intern,39,intern,
WORLEY,Independent Adjuster,21,independent adjuster,
New York Life Insurance Company,New Business Specialist,13,new business specialist,
MetLife,Senior Account Representative,16,senior account representative,
HSBC,Manager Technical Services,27,manager technical services,
Northern Trust,Training Consultant,18,training consultant,
K2 Intelligence,AML Analyst,15,aml analyst,
Morgan Stanley,Financial Advisory Intern,13,financial advisory intern,
Wells Fargo,Consultant,660,consultant,
M&T Bank,Sales Representative,13,sales representative,
Amboy Bank,Head Teller,12,head teller,
Barclays,Conseiller en gestion de patrimoine,49,conseiller en gestion de patrimoine,
Woodforest National Bank,Community Development Relationship Manager,15,community development relationship manager,
Citibank,Service Manager,54,service manager,
UBS Wealth Management,Wealth Management Intern,144,wealth management intern,
Prudential Financial,Senior Group Underwriting Associate,12,senior group underwriting associate,
Nationwide Insurance,Insurance Service Specialist,12,insurance service specialist,
BNP Paribas,Test Lead,21,test lead,
Management Solutions,Consultor,28,consultor,
Westpac Institutional Bank,Senior Associate,17,senior associate,
Victoria's Secret,Supervisor,35,supervisor,
United States Postal Service,letter carrier,142,letter carrier,
Capital One,Sr Manager,37,sr manager,
Kaiser Permanente,Patient Access Specialist,29,patient access specialist,
MetLife,National Sales Manager,13,national sales manager,
"Berkshire Hathaway HomeServices Fox & Roach, Realtors",Realtor,55,realtor,
Bank of the Ozarks,Teller Customer Service,12,teller customer service,
British Army,Troop Leader,13,troop leader,
Regions Bank,Financial Consultant,67,financial consultant,
GoodLife Fitness,Certified Personal Trainer,17,certified personal trainer,
Kroger,Bakery Clerk,16,bakery clerk,
Real Estate Investor,Owner,15,owner,
AIG,Field Underwriter,15,field underwriter,
Sodexo,Catering Assistant,12,catering assistant,
Rutgers University,Advisory Board Member,21,advisory board member,
Signature Bank,Teller,13,teller,
"New Penn Financial, LLC",Branch Manager,24,branch manager,
Republic Bank,CSR,21,csr,
Vijaya Bank,Assistant Branch Manager,14,assistant branch manager,
"People's United Bank, N.A.",Sales & Service Supervisor,34,sales & service supervisor,
Wells Fargo Bank,Assistant Store Manager,56,assistant store manager,
Morgan Stanley,"Vice President Wealth Management, Financial Advisor",15,vice president wealth management financial advisor,
Clear Channel Outdoor,Account Executive,36,account executive,
Nationwide Insurance,System Architect,15,system architect,
ANZ,Senior Officer,49,senior officer,
Toys R Us,Customer Service,23,customer service,
The Ohio State University,Graduate Teaching Associate,75,graduate teaching associate,
"China Securities Co., Ltd.",Intern,16,intern,
YASH Technologies,Senior Software Engineer,26,senior software engineer,
CLSA,Technical Lead,13,technical lead,
Morgan Stanley,Operations Support,24,operations support,
US Census Bureau,Office Clerk,17,office clerk,
Oracle Financial Services Software Limited,Principal Consultant,18,principal consultant,
Aerotek,Recruiter,609,recruiter,
Bankers Trust,Electronic Banking Specialist,18,electronic banking specialist,
CIBC US,Associate Managing Director,45,associate managing director,
Gap / Gap Inc.,Sales Associate,17,sales associate,
Bank of America,Claims Analyst I,15,claims analyst i,
Civista Bank,Bank Teller,16,bank teller,
21st Century Insurance,Claims Adjuster,18,claims adjuster,
"Cravath, Swaine & Moore LLP",Associate,129,associate,
Commerce Bank,Personal Banker Associate,104,personal banker associate,
American Express,Business Data Analyst,13,business data analyst,
Centennial Bank,Commercial Loan Officer,47,commercial loan officer,
EY,Senior IT Auditor,24,senior it auditor,
Fulton Bank,Branch Manager,87,branch manager,
Winston & Strawn LLP,Corporate Associate,12,corporate associate,
Brookline Bank,Teller Supervisor,18,teller supervisor,
Collabera,Consultant,29,consultant,
Indus Valley Partners,Business Analyst,41,business analyst,
Susquehanna Bank,Branch Operations Supervisor,78,branch operations supervisor,
Morgan Guaranty Trust Company,Vice President,13,vice president,
Natixis Global Asset Management,Investment Consultant,16,investment consultant,
JPMorgan Chase,Consultant,756,consultant,
Wells Fargo,,12,,
BB&T,Senior Vice President,296,senior vice president,
Citibank NA,Senior Vice President,12,senior vice president,
ABN Amro,Officer,22,officer,
Faysal Bank Limited,Relationship Manager,13,relationship manager,
Sallie Mae,Senior Accountant,29,senior accountant,
Fisher Investments,Associate,12,associate,
Phoenix Life Insurance Company,Wealth Management Consultant,25,wealth management consultant,
US Census Bureau,Statistician,13,statistician,
Merrill Lynch,Senior Director,12,senior director,
Bank of America,V.P.,38,v p,
Bank of india,Banker,276,banker,
U.S. Bank,Risk Management and Compliance Intern,15,risk management and compliance intern,
State Farm,Agency Team Member,30,agency team member,
Cambridge Trust Company,Vice President,24,vice president,
Goldman Sachs,Securities Intern,39,securities intern,
